"Name","ID","Team","Year","Salary ($usd)"
"Stephen Strasburg","61056","WAS","2019","38,333,334"
"Max Scherzer","56753","WAS","2019","37,405,562"
"Zack Greinke","31734","ARI","2019","34,500,000"
"Clayton Kershaw","49786","LAN","2019","31,000,000"
"David Price","54694","BOS","2019","31,000,000"
"Miguel Cabrera","31483","DET","2019","30,000,000"
"Yoenis Cespedes","53004","NYN","2019","29,000,000"
"Albert Pujols","204","ANA","2019","28,000,000"
"Felix Hernandez","45536","SEA","2019","27,857,142"
"Jon Lester","45548","CHN","2019","27,500,000"
"Giancarlo Stanton","57556","NYA","2019","26,000,000"
"Nolan Arenado","59586","COL","2019","26,000,000"
"Jordan Zimmermann","57163","DET","2019","25,000,000"
"Joey Votto","45487","CIN","2019","25,000,000"
"Jake Arrieta","52691","PHI","2019","25,000,000"
"J.D. Martinez","59275","BOS","2019","23,750,000"
"Josh Donaldson","56185","ATL","2019","23,000,000"
"Buster Posey","58548","SFN","2019","22,177,778"
"Masahiro Tanaka","59473","NYA","2019","22,000,000"
"Freddie Freeman","56289","ATL","2019","21,359,375"
"Jacoby Ellsbury","46027","NYA","2019","21,142,857"
"Rick Porcello","57745","BOS","2019","21,125,000"
"Chris Davis","52253","BAL","2019","21,118,782"
"Shin-Soo Choo","31672","TEX","2019","21,000,000"
"Johnny Cueto","47415","SFN","2019","21,000,000"
"Eric Hosmer","57988","SDN","2019","21,000,000"
"Charlie Blackmon","52804","COL","2019","21,000,000"
"Yadier Molina","31391","SLN","2019","20,000,000"
"Yu Darvish","53155","CHN","2019","20,000,000"
"Jason Heyward","57396","CHN","2019","20,000,000"
"Mookie Betts","70430","BOS","2019","20,000,000"
"Alex Gordon","52054","KCA","2019","20,000,000"
"Wei-Yin Chen","53026","MIA","2019","20,000,000"
"Cole Hamels","45534","CHN","2019","20,000,000"
"Jeff Samardzija","50175","SFN","2019","19,800,000"
"Kyle Seager","60672","SEA","2019","19,500,000"
"Kenley Jansen","47965","LAN","2019","19,333,333"
"Ryan Braun","47127","MIL","2019","19,000,000"
"Justin Turner","51991","LAN","2019","19,000,000"
"Anthony Rendon","70755","WAS","2019","18,800,000"
"Rich Hill","36959","LAN","2019","18,666,667"
"Justin Upton","51985","ANA","2019","18,000,000"
"Wade Davis","47360","COL","2019","18,000,000"
"Ryan Zimmerman","45623","WAS","2019","18,000,000"
"Hyun-jin Ryu","60787","LAN","2019","17,900,000"
"Mike Trout","59432","ANA","2019","17,666,666"
"Brandon Belt","65767","SFN","2019","17,200,000"
"Aroldis Chapman","53014","NYA","2019","17,200,000"
"Corey Kluber","57424","CLE","2019","17,200,000"
"Nathan Eovaldi","57820","BOS","2019","17,000,000"
"J.A. Happ","46084","NYA","2019","17,000,000"
"Dexter Fowler","47493","SLN","2019","16,500,000"
"Ian Kennedy","52572","KCA","2019","16,500,000"
"Khris Davis","59265","OAK","2019","16,500,000"
"Michael Brantley","49264","HOU","2019","16,000,000"
"Yasmani Grandal","65870","MIL","2019","16,000,000"
"Jose Abreu","102005","CHA","2019","16,000,000"
"Yasmany Tomas","102355","ARI","2019","15,500,000"
"Elvis Andrus","46980","TEX","2019","15,250,000"
"Danny Duffy","56197","KCA","2019","15,250,000"
"Brandon Crawford","57758","SFN","2019","15,200,000"
"Dustin Pedroia","45464","BOS","2019","15,125,000"
"Lorenzo Cain","47202","MIL","2019","15,000,000"
"Martin Prado","48560","MIA","2019","15,000,000"
"Ian Desmond","45945","COL","2019","15,000,000"
"Charlie Morton","48258","TBA","2019","15,000,000"
"David Wright","31514","NYN","2019","15,000,000"
"Chris Sale","65751","BOS","2019","15,000,000"
"Jean Segura","56761","PHI","2019","14,850,000"
"Matt Carpenter","60187","SLN","2019","14,750,000"
"Jason Kipnis","60007","CLE","2019","14,666,666"
"Paul Goldschmidt","59307","SLN","2019","14,500,000"
"Alex Cobb","50167","BAL","2019","14,000,000"
"Nelson Cruz","34302","MIN","2019","14,000,000"
"Jay Bruce","47142","SEA","2019","14,000,000"
"Mark Melancon","52231","SFN","2019","14,000,000"
"Mark Trumbo","46716","BAL","2019","13,500,000"
"Gerrit Cole","65957","HOU","2019","13,500,000"
"Dee Gordon","58880","SEA","2019","13,300,000"
"Andrelton Simmons","67119","ANA","2019","13,000,000"
"Josh Reddick","56609","HOU","2019","13,000,000"
"Zack Britton","50155","NYA","2019","13,000,000"
"Trevor Bauer","70335","CLE","2019","13,000,000"
"Dallas Keuchel","60448","ATL","2019","13,000,000"
"Patrick Corbin","59626","WAS","2019","12,916,666"
"Kris Bryant","68520","CHN","2019","12,900,000"
"Zack Cozart","55752","ANA","2019","12,666,667"
"Tyler Chatwood","58241","CHN","2019","12,500,000"
"Ben Zobrist","45495","CHN","2019","12,500,000"
"Marcell Ozuna","59145","SLN","2019","12,250,000"
"George Springer","65992","HOU","2019","12,000,000"
"DJ LeMahieu","59339","NYA","2019","12,000,000"
"Marwin Gonzalez","50609","MIN","2019","12,000,000"
"Xander Bogaerts","67248","BOS","2019","12,000,000"
"Manny Machado","67049","SDN","2019","12,000,000"
"Madison Bumgarner","57743","SFN","2019","12,000,000"
"Starlin Castro","57278","MIA","2019","11,857,142"
"Rusney Castillo","105419","BOS","2019","11,771,428"
"Didi Gregorius","58809","NYA","2019","11,750,000"
"Carlos Martinez","67219","SLN","2019","11,700,000"
"Bryce Harper","66018","PHI","2019","11,538,462"
"Francisco Cervelli","45844","PIT","2019","11,500,000"
"Anthony Rizzo","57514","CHN","2019","11,285,714"
"Salvador Perez","57335","KCA","2019","11,200,000"
"Julio Teheran","58731","ATL","2019","11,166,666"
"Andrew Miller","49617","SLN","2019","11,000,000"
"Matt Harvey","68391","ANA","2019","11,000,000"
"Francisco Lindor","70399","CLE","2019","10,550,000"
"Jose Quintana","51645","CHN","2019","10,500,000"
"Kole Calhoun","67728","ANA","2019","10,500,000"
"Yuli Gurriel","51408","HOU","2019","10,400,000"
"Starling Marte","56034","PIT","2019","10,333,334"
"Andrew McCutchen","46400","PHI","2019","10,000,000"
"Daniel Murphy","50312","COL","2019","10,000,000"
"David Robertson","57235","PHI","2019","10,000,000"
"Craig Kimbrel","58350","CHN","2019","10,000,000"
"Tanner Roark","58921","CIN","2019","10,000,000"
"Nick Castellanos","66955","DET","2019","9,950,000"
"Mike Minor","59266","TEX","2019","9,833,333"
"Scooter Gennett","66539","CIN","2019","9,775,000"
"Christian Yelich","67156","MIL","2019","9,750,000"
"Carlos Carrasco","47229","CLE","2019","9,750,000"
"Yasiel Puig","101652","CIN","2019","9,700,000"
"Alex Wood","100718","CIN","2019","9,650,000"
"Jose Altuve","55877","HOU","2019","9,500,000"
"Yusei Kikuchi","125512","SEA","2019","9,500,000"
"Jacob deGrom","67740","NYN","2019","9,500,000"
"Jake Odorizzi","58507","MIN","2019","9,500,000"
"Andrew Cashner","58136","BAL","2019","9,500,000"
"Kevin Gausman","68557","ATL","2019","9,350,000"
"Lance Lynn","58410","TEX","2019","9,333,334"
"Juan Nicasio","57000","PHI","2019","9,250,000"
"Ivan Nova","49832","CHA","2019","9,166,667"
"Trevor Cahill","50199","ANA","2019","9,000,000"
"Tommy Hunter","57403","PHI","2019","9,000,000"
"Todd Frazier","53395","NYN","2019","9,000,000"
"Brian Dozier","60219","WAS","2019","9,000,000"
"Adam Ottavino","51434","NYA","2019","9,000,000"
"Miles Mikolas","60625","SLN","2019","9,000,000"
"Juan Lagares","50845","NYN","2019","9,000,000"
"Darren O'Day","50555","ATL","2019","9,000,000"
"Brandon Morrow","52232","CHN","2019","9,000,000"
"James Paxton","68467","NYA","2019","8,575,000"
"Jackie Bradley","68302","BOS","2019","8,550,000"
"Jake McGee","48219","COL","2019","8,500,000"
"Kelvin Herrera","56449","CHA","2019","8,500,000"
"Jed Lowrie","46262","NYN","2019","8,500,000"
"Addison Reed","67085","MIN","2019","8,500,000"
"Cody Allen","68494","ANA","2019","8,500,000"
"Bryan Shaw","58661","COL","2019","8,500,000"
"Anthony Swarzak","46761","SEA","2019","8,500,000"
"Corey Dickerson","66638","PIT","2019","8,500,000"
"Adam Eaton","67746","WAS","2019","8,400,000"
"Wilson Ramos","49829","NYN","2019","8,250,000"
"Kevin Kiermaier","67964","TBA","2019","8,166,667"
"Kyle Gibson","65801","MIN","2019","8,125,000"
"Justin Verlander","45613","DET","2019","8,000,000"
"CC Sabathia","1117","NYA","2019","8,000,000"
"Anibal Sanchez","45578","WAS","2019","8,000,000"
"Randal Grichuk","60408","TOR","2019","8,000,000"
"Yonder Alonso","58012","CHA","2019","8,000,000"
"Jason Vargas","45595","NYN","2019","8,000,000"
"Michael Pineda","50704","MIN","2019","8,000,000"
"Joe Smith","51129","HOU","2019","8,000,000"
"Justin Smoak","58692","TOR","2019","8,000,000"
"Jason Castro","58831","MIN","2019","8,000,000"
"Rougned Odor","69270","TEX","2019","7,833,333"
"Brett Cecil","55695","SLN","2019","7,750,000"
"Pat Neshek","40263","PHI","2019","7,750,000"
"Cesar Hernandez","56444","PHI","2019","7,750,000"
"Chris Archer","50101","PIT","2019","7,666,666"
"Sonny Gray","70306","CIN","2019","7,500,000"
"Brett Gardner","47454","NYA","2019","7,500,000"
"Jonathan Schoop","66391","MIN","2019","7,500,000"
"Kyle Hendricks","69172","CHN","2019","7,405,000"
"Marcus Stroman","70371","TOR","2019","7,400,000"
"Stephen Piscotty","100059","OAK","2019","7,333,333"
"Alex Colome","55735","CHA","2019","7,325,000"
"Eugenio Suarez","66110","CIN","2019","7,285,714"
"Welington Castillo","52461","CHA","2019","7,250,000"
"Dellin Betances","49775","NYA","2019","7,250,000"
"Brad Hand","57938","CLE","2019","7,083,333"
"Yan Gomes","60834","WAS","2019","7,083,333"
"Matt Kemp","45436","LAN","2019","7,000,000"
"Garrett Richards","60655","SDN","2019","7,000,000"
"Mike Dunn","47296","COL","2019","7,000,000"
"Drew Smyly","68688","TEX","2019","7,000,000"
"Mike Moustakas","57478","MIL","2019","7,000,000"
"David Peralta","52260","ARI","2019","7,000,000"
"Jhoulys Chacin","49925","MIL","2019","6,750,000"
"Jeurys Familia","58905","NYN","2019","6,666,667"
"Joakim Soria","46711","OAK","2019","6,500,000"
"Kolten Wong","70262","SLN","2019","6,500,000"
"Steve Cishek","55725","CHN","2019","6,500,000"
"Mitch Moreland","57476","BOS","2019","6,500,000"
"Roberto Osuna","68997","HOU","2019","6,500,000"
"Derek Holland","56468","SFN","2019","6,500,000"
"Chase Anderson","59304","MIL","2019","6,500,000"
"Blake Treinen","68804","OAK","2019","6,400,000"
"Michael Wacha","70641","SLN","2019","6,350,000"
"Ken Giles","70354","TOR","2019","6,300,000"
"Aaron Hicks","57967","NYA","2019","6,285,714"
"Pedro Strop","46719","CHN","2019","6,250,000"
"Steve Pearce","48428","BOS","2019","6,250,000"
"Eduardo Escobar","51653","ARI","2019","6,166,666"
"Gregory Polanco","66245","PIT","2019","6,100,000"
"Robbie Ray","67083","ARI","2019","6,050,000"
"Prince Fielder","31366","DET","2019","6,000,000"
"Raisel Iglesias","102294","CIN","2019","6,000,000"
"Mike Fiers","59639","OAK","2019","6,000,000"
"Noah Syndergaard","67132","NYN","2019","6,000,000"
"Sean Doolittle","53253","WAS","2019","6,000,000"
"Max Kepler","68091","MIN","2019","6,000,000"
"Trevor Rosenthal","60664","WAS","2019","6,000,000"
"Eric Thames","59346","MIL","2019","6,000,000"
"Zack Wheeler","66213","NYN","2019","5,975,000"
"Phil Hughes","47865","MIN","2019","5,950,000"
"J.T. Realmuto","67084","PHI","2019","5,900,000"
"Marcus Semien","70327","OAK","2019","5,900,000"
"Collin McHugh","58441","HOU","2019","5,800,000"
"Kevin Pillar","70093","TOR","2019","5,800,000"
"Robinson Chirinos","33829","HOU","2019","5,750,000"
"Tyson Ross","58617","DET","2019","5,750,000"
"Ender Inciarte","59112","ATL","2019","5,700,000"
"Wil Myers","60635","SDN","2019","5,500,000"
"Yusmeiro Petit","45571","OAK","2019","5,500,000"
"Mike Foltynewicz","66991","ATL","2019","5,475,000"
"Odubel Herrera","66013","PHI","2019","5,350,000"
"Jordy Mercer","58450","DET","2019","5,250,000"
"Fernando Rodney","1449","OAK","2019","5,250,000"
"Javier Baez","70387","CHN","2019","5,200,000"
"Maikel Franco","68156","PHI","2019","5,200,000"
"Corey Knebel","70620","MIL","2019","5,125,000"
"Taijuan Walker","67148","ARI","2019","5,025,000"
"Robinson Cano","31789","SEA","2019","5,000,000"
"Edwin Encarnacion","31564","TBA","2019","5,000,000"
"Mike Leake","61051","SLN","2019","5,000,000"
"Jedd Gyorko","66729","SDN","2019","5,000,000"
"Yaisel Sierra","107195","LAN","2019","5,000,000"
"Brandon Kintzler","46298","CHN","2019","5,000,000"
"Joc Pederson","67072","LAN","2019","5,000,000"
"Trevor Story","70406","COL","2019","5,000,000"
"Justin Wilson","59179","NYN","2019","5,000,000"
"Carlos Correa","100502","HOU","2019","5,000,000"
"Luke Gregerson","50258","SLN","2019","5,000,000"
"Eduardo Nunez","48318","BOS","2019","5,000,000"
"Sam Dyson","68372","SFN","2019","5,000,000"
"Jonathan Villar","59688","BAL","2019","4,825,000"
"Jake Lamb","99963","ARI","2019","4,825,000"
"Arodys Vizcaino","58775","ATL","2019","4,800,000"
"C.J. Cron","70301","MIN","2019","4,800,000"
"Travis Shaw","69188","MIL","2019","4,675,000"
"Hector Olivera","54488","LAN","2019","4,666,666"
"Jorge Soler","101657","KCA","2019","4,666,666"
"Nate Jones","56519","CHA","2019","4,650,000"
"Yolmer Sanchez","66288","CHA","2019","4,625,000"
"David Freese","51110","LAN","2019","4,500,000"
"Hector Rondon","52251","HOU","2019","4,500,000"
"Aaron Nola","70943","PHI","2019","4,500,000"
"Luis Severino","101074","NYA","2019","4,500,000"
"Felipe Vazquez","66064","PIT","2019","4,500,000"
"Danny Salazar","56723","CLE","2019","4,500,000"
"Wade Miley","58453","HOU","2019","4,500,000"
"Mike Zunino","99903","TBA","2019","4,412,500"
"Eduardo Rodriguez","67588","BOS","2019","4,300,000"
"Alex Avila","58899","ARI","2019","4,250,000"
"Billy Hamilton","59654","KCA","2019","4,250,000"
"Will Smith","58281","SFN","2019","4,225,000"
"Will Harris","51032","HOU","2019","4,225,000"
"Carlos Rodon","70883","CHA","2019","4,200,000"
"Eddie Rosario","67098","MIN","2019","4,190,000"
"Jose Ramirez","70217","CLE","2019","4,150,000"
"Chris Iannetta","46150","COL","2019","4,150,000"
"Steven Souza Jr.","56806","ARI","2019","4,125,000"
"Tommy Pham","50106","TBA","2019","4,100,000"
"Lance McCullers Jr.","100521","HOU","2019","4,100,000"
"Michael Conforto","101614","NYN","2019","4,025,000"
"Kurt Suzuki","49076","WAS","2019","4,000,000"
"Jon Jay","52296","CHA","2019","4,000,000"
"Corey Seager","70635","LAN","2019","4,000,000"
"A.J. Pollock","60932","LAN","2019","4,000,000"
"Marco Estrada","47658","OAK","2019","4,000,000"
"Freddy Galvis","57302","TOR","2019","4,000,000"
"Jesse Chavez","47279","TEX","2019","4,000,000"
"Howie Kendrick","45437","WAS","2019","4,000,000"
"Shane Greene","60907","DET","2019","4,000,000"
"Tyler Flowers","52532","ATL","2019","4,000,000"
"Nick Markakis","45446","ATL","2019","4,000,000"
"Jorge Polanco","67568","MIN","2019","3,958,333"
"Aaron Sanchez","67107","TOR","2019","3,900,000"
"Joe Panik","69564","SFN","2019","3,850,000"
"Wilmer Flores","57850","ARI","2019","3,750,000"
"Jarrod Dyson","50297","ARI","2019","3,750,000"
"Ian Kinsler","45438","SDN","2019","3,750,000"
"Trea Turner","70917","WAS","2019","3,725,000"
"Enrique Hernandez","59660","LAN","2019","3,725,000"
"Tyler Skaggs","61000","ANA","2019","3,700,000"
"Jimmy Nelson","65895","MIL","2019","3,700,000"
"Nick Ahmed","69508","ARI","2019","3,662,500"
"Russell Martin","45447","LAN","2019","3,600,000"
"Jurickson Profar","68066","OAK","2019","3,600,000"
"Brock Holt","59664","BOS","2019","3,575,000"
"Travis d'Arnaud","55784","NYN","2019","3,515,000"
"Matt Shoemaker","58667","TOR","2019","3,500,000"
"Chris Taylor","100496","LAN","2019","3,500,000"
"Cotton Tierney","29930","LAN","2019","3,500,000"
"Avisail Garcia","59016","TBA","2019","3,500,000"
"Martin Perez","58533","MIN","2019","3,500,000"
"Tony Watson","56957","SFN","2019","3,500,000"
"Asdrubal Cabrera","45398","TEX","2019","3,500,000"
"Andrew Heaney","99874","ANA","2019","3,400,000"
"Kyle Schwarber","103751","CHN","2019","3,390,000"
"Jonathan Lucroy","57191","ANA","2019","3,350,000"
"Joe Kelly","59351","LAN","2019","3,333,334"
"Chad Bettis","65855","COL","2019","3,325,000"
"Nomar Mazara","100279","TEX","2019","3,300,000"
"Jeff Mathis","31602","TEX","2019","3,250,000"
"Michael Taylor","66594","WAS","2019","3,250,000"
"Greg Holland","57708","ARI","2019","3,250,000"
"Jose Urena","66311","MIA","2019","3,200,000"
"Keone Kela","71016","PIT","2019","3,175,000"
"Jeremy Jeffress","50094","MIL","2019","3,175,000"
"Miguel Rojas","51611","MIA","2019","3,155,000"
"Sean Manaea","103721","OAK","2019","3,150,000"
"Kenta Maeda","102254","LAN","2019","3,125,000"
"Brad Peacock","57086","HOU","2019","3,110,000"
"Kirby Yates","59239","SDN","2019","3,062,500"
"Austin Jackson","47939","TEX","2019","3,000,000"
"Clay Buchholz","47160","TOR","2019","3,000,000"
"Matt Adams","59582","WAS","2019","3,000,000"
"Leonys Martin","54187","CLE","2019","3,000,000"
"Jung Ho Kang","102282","PIT","2019","3,000,000"
"Chris Owings","60931","KCA","2019","3,000,000"
"Yoshihisa Hirano","53724","ARI","2019","3,000,000"
"Adam Jones","45435","ARI","2019","3,000,000"
"Tucker Barnhart","59592","CIN","2019","2,937,500"
"Jon Gray","68564","COL","2019","2,925,000"
"Ryan Pressly","58552","HOU","2019","2,900,000"
"Christian Vazquez","58767","BOS","2019","2,850,000"
"Dylan Bundy","70753","BAL","2019","2,800,000"
"Michael Fulmer","70445","DET","2019","2,800,000"
"Jose Peraza","69752","CIN","2019","2,775,000"
"Lonnie Chisenhall","58147","PIT","2019","2,750,000"
"Matt Duffy","100736","TBA","2019","2,675,000"
"Miguel Sano","67574","MIN","2019","2,650,000"
"Tony Cingrani","70349","LAN","2019","2,650,000"
"Roberto Perez","59467","CLE","2019","2,625,000"
"Steven Matz","99821","NYN","2019","2,625,000"
"Tyler Anderson","65947","COL","2019","2,625,000"
"Matthew Boyd","102011","DET","2019","2,600,000"
"Zach Davies","70977","MIL","2019","2,600,000"
"Matt Albers","31948","MIL","2019","2,500,000"
"Oliver Perez","639","CLE","2019","2,500,000"
"Seunghwan Oh","51354","COL","2019","2,500,000"
"Hernan Perez","59021","MIL","2019","2,500,000"
"Shawn Kelley","56533","TEX","2019","2,500,000"
"David Phelps","58268","TOR","2019","2,500,000"
"Justin Bour","59603","ANA","2019","2,500,000"
"James McCann","70317","CHA","2019","2,500,000"
"Matt Moore","57473","DET","2019","2,500,000"
"Sergio Romo","49543","MIA","2019","2,500,000"
"Martin Maldonado","48082","KCA","2019","2,500,000"
"David Hernandez","47804","CIN","2019","2,500,000"
"Jose Iglesias","61044","CIN","2019","2,500,000"
"Sandy Leon","55951","BOS","2019","2,475,000"
"Mike Montgomery","58857","CHN","2019","2,440,000"
"Ketel Marte","69790","ARi","2019","2,400,000"
"Wade LeBlanc","51959","SEA","2019","2,300,000"
"Craig Stammen","46755","SDN","2019","2,250,000"
"Jonny Venters","46827","ATL","2019","2,250,000"
"Wily Peralta","50538","KCA","2019","2,250,000"
"Chris Martin","54159","TEX","2019","2,250,000"
"Jake Diekman","55842","KCA","2019","2,250,000"
"Vince Velasquez","67143","PHI","2019","2,249,000"
"Junior Guerra","47850","MIL","2019","2,225,000"
"Jake Marisnick","66006","HOU","2019","2,212,500"
"Brad Boxberger","65809","KCA","2019","2,200,000"
"Evan Longoria","52448","TBA","2019","2,166,666"
"Liam Hendriks","56426","OAK","2019","2,150,000"
"Mychal Givens","66543","BAL","2019","2,150,000"
"Anthony DeSclafani","70803","CIN","2019","2,125,000"
"Jared Hughes","51927","CIN","2019","2,125,000"
"Pedro Baez","55520","LAN","2019","2,100,000"
"Austin Hedges","70397","SDN","2019","2,060,000"
"Mark Canha","66950","OAK","2019","2,050,000"
"Jordan Lyles","58407","PIT","2019","2,050,000"
"Carlos Santana","48929","SEA","2019","2,000,000"
"Kendrys Morales","45379","OAK","2019","2,000,000"
"Edinson Volquez","45621","TEX","2019","2,000,000"
"Neil Walker","49024","MIA","2019","2,000,000"
"Robbie Grossman","57919","OAK","2019","2,000,000"
"Hunter Pence","45465","TEX","2019","2,000,000"
"Logan Forsythe","58915","TEX","2019","2,000,000"
"Shelby Miller","60626","TEX","2019","2,000,000"
"Zach Duke","45522","CIN","2019","2,000,000"
"Adam Warren","60759","SDN","2019","2,000,000"
"Brian McCann","45449","ATL","2019","2,000,000"
"Derek Dietrich","65867","CIN","2019","2,000,000"
"Adam Wainwright","31361","SLN","2019","2,000,000"
"Drew Pomeranz","68404","SFN","2019","2,000,000"
"Josh Harrison","57951","DET","2019","2,000,000"
"Aledmys Diaz","34706","HOU","2019","2,000,000"
"Merrill Kelly","65879","ARI","2019","2,000,000"
"Michael Lorenzen","68444","CIN","2019","1,950,000"
"Devon Travis","100193","TOR","2019","1,950,000"
"Domingo Santana","60423","SEA","2019","1,950,000"
"Andrew Chafin","70436","ARI","2019","1,945,000"
"Lourdes Gurriel Jr.","109138","TOR","2019","1,928,571"
"Jose Alvarez","50878","PHI","2019","1,925,000"
"JC Ramirez","51594","ANA","2019","1,901,000"
"Kazuhisa Makita","102255","SDN","2019","1,900,000"
"Eloy Jimenez","104176","CHA","2019","1,833,333"
"Archie Bradley","70431","ARI","2019","1,830,000"
"Hector Neris","67355","PHI","2019","1,800,000"
"Francisco Liriano","38551","PIT","2019","1,800,000"
"Blake Parker","51962","MIN","2019","1,800,000"
"Austin Romine","57520","NYA","2019","1,800,000"
"Cam Bedrosian","66930","ANA","2019","1,750,000"
"Byron Buxton","100631","MIN","2019","1,750,000"
"Curtis Granderson","36252","MIA","2019","1,750,000"
"Gerardo Parra","49890","SFN","2019","1,750,000"
"Yangervis Solarte","51557","SFN","2019","1,750,000"
"Nick Vincent","58289","SFN","2019","1,750,000"
"Tim Beckham","58058","SEA","2019","1,750,000"
"Tyler Thornburg","67137","BOS","2019","1,750,000"
"Kyle Barraclough","71177","WAS","2019","1,725,000"
"Chris Rusin","60031","COL","2019","1,687,500"
"Luis Garcia","49727","ANA","2019","1,675,000"
"Paul DeJong","105846","SLN","2019","1,666,667"
"Brad Brach","58089","CHN","2019","1,650,000"
"Matt Barnes","70758","BOS","2019","1,600,000"
"Manny Pina","48685","MIL","2019","1,600,000"
"Blake Snell","70271","TBA","2019","1,600,000"
"Leury Garcia","57884","CHA","2019","1,550,000"
"Taylor Rogers","99954","MIN","2019","1,525,000"
"Chris Devenski","70514","HOU","2019","1,525,000"
"Ryan Tepera","60107","TOR","2019","1,525,000"
"Daniel Descalso","55831","CHN","2019","1,500,000"
"Scott Kingery","106259","PHI","2019","1,500,000"
"Jose Leclerc","69377","TEX","2019","1,500,000"
"Matt Wieters","57712","SLN","2019","1,500,000"
"Erik Kratz","38161","SFN","2019","1,500,000"
"Cory Gearrin","56333","SEA","2019","1,500,000"
"Clayton Richard","48674","TOR","2019","1,500,000"
"Carl Edwards Jr.","71343","CHN","2019","1,500,000"
"Brett Anderson","57286","OAK","2019","1,500,000"
"Daniel Hudson","57996","TOR","2019","1,500,000"
"Robbie Erlin","60740","SDN","2019","1,450,000"
"Tim Anderson","102503","CHA","2019","1,400,000"
"Hansel Robles","66336","ANA","2019","1,400,000"
"T.J. McFarland","58436","ARI","2019","1,400,000"
"Ryan Buchter","50058","OAK","2019","1,400,000"
"Delino DeShields","66975","TEX","2019","1,400,000"
"Charlie Culberson","55773","ATL","2019","1,395,000"
"Tommy Kahnle","67028","NYA","2019","1,387,500"
"Tommy La Stella","69305","ANA","2019","1,350,000"
"Aaron Altherr","59584","PHI","2019","1,350,000"
"Heath Hembree","67011","BOS","2019","1,312,500"
"Dan Otero","57047","CLE","2019","1,300,000"
"Jeremy Hellickson","46155","WAS","2019","1,300,000"
"Brandon Drury","66982","TOR","2019","1,300,000"
"German Marquez","100273","COL","2019","1,300,000"
"Blaine Hardy","57948","DET","2019","1,300,000"
"Hunter Strickland","57557","SEA","2019","1,300,000"
"Ehire Adrianza","50677","MIN","2019","1,300,000"
"Scott Oberg","101264","COL","2019","1,300,000"
"Daniel Norris","70778","DET","2019","1,275,000"
"Chaz Roe","48658","TBA","2019","1,275,000"
"Alex Claudio","66960","MIL","2019","1,275,000"
"Dominic Leone","100305","SLN","2019","1,260,000"
"Lucas Duda","56196","KCA","2019","1,250,000"
"Nick Hundley","47690","OAK","2019","1,250,000"
"Josh Tomlin","52032","ATL","2019","1,250,000"
"Matt Joyce","47952","ATL","2019","1,250,000"
"Aaron Loup","60619","SDN","2019","1,200,000"
"Greg Bird","70388","NYA","2019","1,200,000"
"Travis Jankowski","100300","SDN","2019","1,165,000"
"Brandon Workman","68414","BOS","2019","1,150,000"
"Melky Cabrera","45397","PIT","2019","1,150,000"
"Kevin Plawecki","100316","CLE","2019","1,137,500"
"Adam Conley","70300","MIA","2019","1,125,000"
"Jose Martinez","51656","SLN","2019","1,125,000"
"Adam Morgan","70472","PHI","2019","1,100,000"
"Nick Tropeano","69964","ANA","2019","1,075,000"
"Josh Phegley","60649","OAK","2019","1,075,000"
"Brandon Moss","45457","OAK","2019","1,000,000"
"Whit Merrifield","67175","KCA","2019","1,000,000"
"Brandon Lowe","107284","TBA","2019","1,000,000"
"Peter Bourjos","50054","ANA","2019","1,000,000"
"Hanley Ramirez","31724","CLE","2019","1,000,000"
"Jeanmar Gomez","51862","TEX","2019","1,000,000"
"Brad Miller","65980","CLE","2019","1,000,000"
"Mark Reynolds","48633","COL","2019","1,000,000"
"Tony Sipp","46630","WAS","2019","1,000,000"
"Neil Ramirez","58568","CLE","2019","1,000,000"
"Ronald Acuna","105454","ATL","2019","1,000,000"
"Ozzie Albies","104004","ATL","2019","1,000,000"
"Tony Wolters","66017","COL","2019","960,000"
"Curt Casali","70378","CIN","2019","950,000"
"Matt Andriese","69156","ARI","2019","920,000"
"Roenis Elias","70509","SEA","2019","910,000"
"Blake Swihart","70407","BOS","2019","910,000"
"Greg Garcia","67754","SDN","2019","910,000"
"Marco Gonzales","68759","SEA","2019","900,000"
"Trevor May","58911","MIN","2019","900,000"
"Xavier Cedeno","47243","CHN","2019","900,000"
"Jake Petricka","65830","MIL","2019","900,000"
"Joe Biagini","70988","TOR","2019","900,000"
"John Ryan Murphy","60633","ARI","2019","900,000"
"Ryan Dull","101433","OAK","2019","860,000"
"Ji-Man Choi","68192","TBA","2019","850,000"
"Jesus Sucre","51184","BAL","2019","850,000"
"Brian Duensing","45951","CHN","2019","846,774"
"Nate Karns","69123","BAL","2019","800,000"
"Brian Flynn","69169","KCA","2019","800,000"
"Javy Guerra","47851","TOR","2019","800,000"
"Jesse Hahn","68419","KCA","2019","800,000"
"Guillermo Heredia","102267","TBA","2019","782,000"
"Alex Wilson","60051","MIL","2019","750,000"
"Tony Barnette","51059","CHN","2019","750,000"
"Andrew Benintendi","105574","BOS","2019","717,500"
"Yimi Garcia","66174","LAN","2019","710,000"
"Gordon Beckham","58057","DET","2019","700,000"
"JB Shuck","58670","PIT","2019","700,000"
"Josh Hader","101384","MIL","2019","687,600"
"Aaron Judge","68603","NYA","2019","684,300"
"Willson Contreras","66719","CHN","2019","684,000"
"Niko Goodrum","67002","DET","2019","670,500"
"Gary Sanchez","68087","NYA","2019","669,800"
"Richard Rodriguez","67172","PIT","2019","650,000"
"Shohei Ohtani","111306","ANA","2019","650,000"
"Terrance Gore","69538","KCA","2019","650,000"
"Alex Bregman","70607","HOU","2019","640,500"
"Jesus Aguilar","59871","MIL","2019","637,500"
"Scott Schebler","67866","CIN","2019","625,000"
"Jose Berrios","100574","MIN","2019","620,000"
"Miguel Andujar","100349","NYA","2019","617,600"
"Albert Almora","70339","CHN","2019","615,500"
"Rafael Devers","104042","BOS","2019","614,500"
"Zac Rosscup","60509","SEA","2019","610,000"
"Zack Godley","100137","ARI","2019","609,400"
"Edwin Diaz","100572","NYN","2019","607,425"
"Joey Gallo","70613","TEX","2019","605,500"
"Gleyber Torres","104180","NYA","2019","605,200"
"Cody Bellinger","102519","LAN","2019","605,000"
"Chad Green","68565","NYA","2019","598,650"
"Brandon Nimmo","70524","NYN","2019","598,285"
"Nick Pivetta","102061","PHI","2019","598,000"
"Jordan Montgomery","104855","NYA","2019","596,600"
"Ross Stripling","70826","LAN","2019","595,000"
"Justin Miller","58260","WAS","2019","593,200"
"Mike Clevinger","70437","CLE","2019","592,200"
"Seth Lugo","70069","NYN","2019","591,875"
"Max Stassi","59431","HOU","2019","590,100"
"Mitch Haniger","99914","SEA","2019","590,100"
"Zach Eflin","100518","PHI","2019","590,000"
"Jameson Taillon","68694","PIT","2019","587,500"
"Josh Bell","70775","PIT","2019","587,000"
"Brian Anderson","70928","MIA","2019","585,000"
"Dansby Swanson","107168","ATL","2019","585,000"
"Luke Jackson","68592","ATL","2019","585,000"
"Adam Frazier","101618","PIT","2019","584,000"
"Trevor Williams","100206","PIT","2019","584,000"
"Tony Kemp","103417","HOU","2019","583,600"
"Brian Goodwin","70764","ANA","2019","583,500"
"Tyler White","103546","HOU","2019","582,900"
"Joe Musgrove","70473","PIT","2019","582,500"
"Robert Gsellman","70551","NYN","2019","582,500"
"Hunter Renfroe","68660","SDN","2019","582,100"
"Matt Strahm","100612","SDN","2019","581,700"
"Kyle Crick","70438","PIT","2019","581,500"
"Edgar Santana","104420","PIT","2019","581,500"
"Luke Weaver","70913","ARI","2019","581,300"
"Omar Narvaez","66068","SEA","2019","581,200"
"Wilmer Difo","67700","WAS","2019","581,100"
"Jonathan Holder","104803","NYA","2019","580,300"
"Reynaldo Lopez","101728","CHA","2019","580,000"
"Jesse Winker","70646","CIN","2019","580,000"
"Matt Chapman","104744","OAK","2019","580,000"
"Ryon Healy","102034","SEA","2019","579,800"
"Sam Gaviglio","70304","TOR","2019","579,500"
"Colin Moran","102040","PIT","2019","579,500"
"Luke Maile","100036","TOR","2019","579,000"
"Luis Cessa","66339","NYA","2019","578,975"
"Teoscar Hernandez","69667","TOR","2019","578,600"
"Elias Diaz","66057","PIT","2019","578,500"
"Mallex Smith","70851","SEA","2019","578,400"
"Juan Soto","107182","WAS","2019","578,300"
"Harrison Bader","105531","SLN","2019","578,300"
"Jakob Junis","71017","KCA","2019","578,250"
"Kevin McCarthy","102659","KCA","2019","578,250"
"Brad Keller","102632","KCA","2019","578,125"
"Hanser Alberto","67418","BAL","2019","578,000"
"Chad Kuhl","102639","PIT","2019","578,000"
"Ryan Brasier","55617","BOS","2019","577,500"
"Domingo German","67182","NYA","2019","577,500"
"Manuel Margot","100988","SDN","2019","577,100"
"Erik Gonzalez","66263","PIT","2019","577,000"
"Matt Grace","67764","WAS","2019","576,400"
"Adalberto Mondesi","100344","KCA","2019","576,000"
"Trey Mancini","102653","BAL","2019","575,500"
"Amed Rosario","103203","NYN","2019","575,500"
"Dan Straily","60921","BAL","2019","575,000"
"Yoan Moncada","105432","CHA","2019","575,000"
"Brandon Brennan","68518","SEA","2019","575,000"
"Rhys Hoskins","104806","PHI","2019","575,000"
"Nick Williams","70645","PHI","2019","575,000"
"Matt Olson","100668","OAK","2019","575,000"
"Luke Bard","99842","ANA","2019","575,000"
"Max Muncy","100007","LAN","2019","575,000"
"Drew Steckenrider","100322","MIA","2019","575,000"
"Mitch Garver","102593","MIN","2019","575,000"
"Shane Carle","102546","ATL","2019","575,000"
"Jesse Biddle","66931","ATL","2019","575,000"
"Brian Johnson","68307","BOS","2019","575,000"
"Kendall Graveman","102077","CHN","2019","575,000"
"Austin Barnes","69513","LAN","2019","575,000"
"Scott Alexander","65851","LAN","2019","575,000"
"Johan Camargo","101077","ATL","2019","575,000"
"A.J. Minter","108235","ATL","2019","575,000"
"Sean Newcomb","104863","ATL","2019","575,000"
"Tyler Naquin","70362","CLE","2019","574,800"
"Silvino Bracho","100355","ARI","2019","574,600"
"Mikie Mahtook","65977","DET","2019","574,500"
"Steven Brault","103318","PIT","2019","574,500"
"Jose Osuna","66895","PIT","2019","573,500"
"Edubray Ramos","66859","PHI","2019","573,500"
"Luke Voit","99919","NYA","2019","573,200"
"Tim Hill","105123","KCA","2019","573,175"
"Lucas Giolito","100261","CHA","2019","573,000"
"Jake Cave","70390","MIN","2019","572,500"
"Kevan Smith","69944","ANA","2019","572,500"
"Richard Bleier","58075","BAL","2019","572,500"
"Trevor Hildenberger","105121","MIN","2019","572,500"
"Keon Broxton","60831","NYN","2019","571,765"
"John Gant","70552","SLN","2019","571,300"
"Dylan Covey","68529","CHA","2019","571,000"
"Adam Engel","102578","CHA","2019","571,000"
"Buck Farmer","100067","DET","2019","570,800"
"Jose Alvarado","100568","TBA","2019","570,600"
"Max Moroff","100663","CLE","2019","570,500"
"Franmil Reyes","100406","SDN","2019","570,500"
"Joey Wendle","100666","TBA","2019","570,400"
"Daniel Robertson","100488","TBA","2019","570,300"
"Tyler Mahle","102652","CIN","2019","570,000"
"Walker Buehler","107174","LAN","2019","570,000"
"Jorge Alfaro","68062","MIA","2019","570,000"
"Lewis Brinson","100634","MIA","2019","570,000"
"Trevor Richards","109041","MIA","2019","570,000"
"Wandy Peralta","67604","CIN","2019","570,000"
"Joey Rickard","100182","BAL","2019","570,000"
"Isiah Kiner-Falefa","103420","TEX","2019","569,500"
"Victor Caratini","102064","CHN","2019","569,500"
"Ronald Guzman","100281","TEX","2019","569,500"
"John Brebbia","70432","SLN","2019","569,300"
"Joe Jimenez","102625","DET","2019","569,200"
"Jace Fry","70825","CHA","2019","569,000"
"Dovydas Neverauskas","68132","PIT","2019","569,000"
"Felix Pena","66234","ANA","2019","569,000"
"Miguel Castro","100368","BAL","2019","569,000"
"Nick Kingham","67031","PIT","2019","569,000"
"Noe Ramirez","68320","ANA","2019","569,000"
"Sam Tuivailala","67139","SEA","2019","568,600"
"Tyler Austin","66927","MIN","2019","568,600"
"Hector Velazquez","66774","BOS","2019","568,500"
"Brent Suter","100324","MIL","2019","568,300"
"Tim Mayza","102658","TOR","2019","568,300"
"Jeff McNeil","103451","NYN","2019","567,714"
"Ben Gamel","66995","MIL","2019","567,700"
"Matthew Koch","99961","ARI","2019","567,600"
"Jacob Barnes","69837","MIL","2019","567,600"
"Chris Stratton","100323","ANA","2019","567,500"
"Trevor Gott","102601","SFN","2019","567,500"
"Reyes Moronta","69826","SFN","2019","567,500"
"Amir Garrett","70946","CIN","2019","567,500"
"Mike Wright","70498","BAL","2019","567,500"
"Drew VerHagen","100188","DET","2019","567,400"
"Hunter Dozier","102574","KCA","2019","567,225"
"JaCoby Jones","68600","DET","2019","567,100"
"John Hicks","70307","DET","2019","567,100"
"Daniel Palka","68790","CHA","2019","567,000"
"Tyler Glasnow","70795","TBA","2019","566,700"
"Dinelson Lamet","105417","SDN","2019","566,700"
"Framber Valdez","107058","HOU","2019","566,600"
"Daniel Stumpf","100613","DET","2019","566,600"
"Orlando Arcia","69600","MIL","2019","565,700"
"Pablo Reyes","101023","PIT","2019","565,500"
"Ryan Borucki","100606","TOR","2019","565,200"
"Joey Lucchesi","108123","SDN","2019","565,100"
"Dylan Moore","106503","SEA","2019","565,000"
"Kyle Freeland","71098","COL","2019","565,000"
"Chris Bassitt","69516","OAK","2019","565,000"
"Chad Pinder","102436","OAK","2019","565,000"
"Dylan Floro","99857","LAN","2019","565,000"
"Julio Urias","101992","LAN","2019","565,000"
"Brock Stewart","68692","LAN","2019","565,000"
"Wes Parsons","102489","ATL","2019","565,000"
"Andrew Knapp","68908","PHI","2019","565,000"
"Jharel Cotton","71010","OAK","2019","565,000"
"Robert Stephenson","70762","CIN","2019","565,000"
"Max Fried","70610","ATL","2019","565,000"
"Chad Sobotka","106932","ATL","2019","565,000"
"Bryse Wilson","109108","ATL","2019","565,000"
"Kyle Wright","111162","ATL","2019","565,000"
"Tayron Guerrero","67641","MIA","2019","565,000"
"Alex Reyes","102123","SLN","2019","564,600"
"Freddy Peralta","103056","MIL","2019","564,600"
"Jordan Luplow","104833","CLE","2019","564,500"
"Koda Glover","106049","WAS","2019","564,300"
"Ryne Stanek","68691","TBA","2019","564,200"
"Drew Robinson","67094","SLN","2019","564,100"
"Tyler O'Neill","102704","SLN","2019","564,000"
"Seranthony Dominguez","101008","PHI","2019","564,000"
"Jacob Stallings","71213","PIT","2019","564,000"
"Randy Rosario","69410","CHN","2019","564,000"
"Marco Hernandez","67342","BOS","2019","564,000"
"Adam Cimber","103333","CLE","2019","563,800"
"Taylor Williams","102049","MIL","2019","563,800"
"Mike Mayers","102051","SLN","2019","563,700"
"Pedro Severino","69314","BAL","2019","563,500"
"David Hess","103801","BAL","2019","563,500"
"Keynan Middleton","102675","ANA","2019","563,500"
"Ryan Yarbrough","103929","TBA","2019","563,400"
"Phil Maton","106414","SDN","2019","562,900"
"Corbin Burnes","107554","MIL","2019","562,800"
"Dalton Pompey","67078","TOR","2019","562,800"
"Wander Suero","67560","WAS","2019","562,500"
"Eric Lauer","108957","SDN","2019","562,500"
"Willy Adames","103209","TBA","2019","562,400"
"Chasen Bradford","70016","SEA","2019","562,300"
"Jorge Lopez","70464","KCA","2019","562,250"
"Jack Flaherty","104779","SLN","2019","562,100"
"Renato Nunez","69321","BAL","2019","562,000"
"Yairo Munoz","100748","SLN","2019","562,000"
"Richard Urena","101996","TOR","2019","562,000"
"Yonny Chirinos","102336","TBA","2019","561,800"
"David Bote","101479","CHN","2019","561,500"
"Diego Castillo","104483","TBA","2019","561,500"
"Justin Anderson","103794","ANA","2019","561,500"
"David Fletcher","105978","ANA","2019","561,500"
"J.D. Davis","70799","NYN","2019","561,420"
"Brandon Woodruff","70798","MIL","2019","561,400"
"Dereck Rodriguez","70482","SFN","2019","561,250"
"Bradley Zimmer","70950","CLE","2019","561,200"
"Socrates Brito","67422","SDN","2019","561,000"
"Tyler Olson","102149","CLE","2019","560,900"
"Adam Kolarek","67034","TBA","2019","560,800"
"Greg Allen","104718","CLE","2019","560,400"
"Jake Bauers","102514","CLE","2019","560,400"
"Wilmer Font","56278","TBA","2019","560,400"
"Miguel Diaz","101170","SDN","2019","560,400"
"Jose Castillo","102119","SDN","2019","560,300"
"Thomas Pannone","102187","TOR","2019","560,100"
"Dwight Smith Jr.","70770","BAL","2019","560,100"
"Franchy Cordero","100404","SDN","2019","560,100"
"Ryan McMahon","102668","COL","2019","560,000"
"Antonio Senzatela","101060","COL","2019","560,000"
"Raimel Tapia","69615","COL","2019","560,000"
"Daniel Gossett","70888","OAK","2019","560,000"
"Caleb Ferguson","105950","LAN","2019","560,000"
"Alex Verdugo","104938","LAN","2019","560,000"
"Willians Astudillo","66085","MIN","2019","560,000"
"Frankie Montas","67243","OAK","2019","560,000"
"Rosell Herrera","67626","MIA","2019","560,000"
"Gabriel Moya","100857","MIN","2019","560,000"
"Matt Magill","58415","MIN","2019","560,000"
"Jose Rondon","69491","CHA","2019","560,000"
"Adalberto Mejia","69644","MIN","2019","560,000"
"Aaron Brooks","69523","OAK","2019","560,000"
"JT Riddle","68945","MIA","2019","560,000"
"David Dahl","100595","COL","2019","560,000"
"Carson Kelly","70619","ARI","2019","560,000"
"Robert Stock","61025","SDN","2019","559,900"
"Christian Walker","100121","ARI","2019","559,800"
"Shane Bieber","108830","CLE","2019","559,600"
"Billy McKinney","102667","TOR","2019","559,400"
"Dominic Smith","102745","NYN","2019","559,320"
"Nick Rumbelow","102043","SEA","2019","559,300"
"Andrew Stevenson","106961","WAS","2019","559,100"
"Shawn Armstrong","70293","SEA","2019","559,100"
"Dakota Hudson","108931","SLN","2019","559,100"
"Victor Alcantara","100959","DET","2019","559,100"
"Paul Fry","103372","BAL","2019","559,000"
"Nick Burdi","70966","PIT","2019","559,000"
"Roman Quinn","70776","PHI","2019","559,000"
"Jimmy Yacabonis","102793","BAL","2019","559,000"
"Manny Banuelos","58044","CHA","2019","559,000"
"Danny Jansen","103405","TOR","2019","558,700"
"Daniel Vogelbach","70408","SEA","2019","558,600"
"Grayson Greiner","103812","DET","2019","558,600"
"David Freitas","66535","SEA","2019","558,500"
"Rio Ruiz","70343","BAL","2019","558,500"
"Sam Travis","71175","BOS","2019","558,500"
"Yandy Diaz","103726","TBA","2019","558,400"
"Bobby Wahl","68710","MIL","2019","558,400"
"Steven Duggar","105891","SFN","2019","558,125"
"Austin Wynns","103280","BAL","2019","558,000"
"Yohander Mendez","101198","TEX","2019","558,000"
"Luke Farrell","102075","TEX","2019","558,000"
"Jose De Leon","102032","TBA","2019","558,000"
"Victor Robles","104023","WAS","2019","557,800"
"Ryan O'Hearn","104869","KCA","2019","557,650"
"Rowdy Tellez","102764","TOR","2019","557,500"
"Michael Reed","70480","SFN","2019","557,500"
"Cedric Mullins","105439","BAL","2019","557,500"
"Alex Blandino","71129","CIN","2019","557,500"
"Luis Castillo","100945","CIN","2019","557,500"
"Kyle Farmer","100171","CIN","2019","557,500"
"Kevin Newman","106558","PIT","2019","557,500"
"Ramon Laureano","105147","OAK","2019","557,500"
"Lou Trivino","102770","OAK","2019","557,500"
"J.B. Wendelken","100243","OAK","2019","557,500"
"Franklin Barreto","102106","OAK","2019","557,500"
"Taylor Cole","69131","ANA","2019","557,500"
"Drew Smith","106928","NYN","2019","557,500"
"Nick Martini","69553","OAK","2019","557,500"
"Austin Meadows","102432","TBA","2019","557,400"
"Stephen Tarpley","70814","NYA","2019","557,250"
"Ty Buttrey","100526","ANA","2019","557,250"
"Trey Wingenter","107135","SDN","2019","557,200"
"Cam Gallagher","70394","KCA","2019","557,125"
"Mike Tauchman","103523","NYA","2019","557,000"
"Pedro Araujo","69801","BAL","2019","557,000"
"Colten Brewer","70790","BOS","2019","557,000"
"Garrett Hampson","107920","COL","2019","557,000"
"Harrison Musgrave","103974","COL","2019","557,000"
"DJ Johnson","68234","COL","2019","557,000"
"Jeffrey Springs","106950","TEX","2019","557,000"
"Ildemaro Vargas","60095","ARI","2019","557,000"
"Yoan Lopez","105434","ARI","2019","556,900"
"Anthony Banda","71071","TBA","2019","556,800"
"Josh James","105129","HOU","2019","556,800"
"Jacob Nix","106565","SDN","2019","556,800"
"Michael Perez","70477","TBA","2019","556,700"
"Caleb Smith","102044","MIA","2019","556,500"
"Jonathan Davis","102564","TOR","2019","556,500"
"Jalen Beeks","105394","TBA","2019","556,500"
"Michael Hermosillo","102614","ANA","2019","556,500"
"Mark Zagunis","104961","CHN","2019","556,500"
"Christin Stewart","106962","DET","2019","556,400"
"Francisco Mejia","102864","SDN","2019","556,300"
"Tomas Nido","100653","NYN","2019","556,300"
"Spencer Turnbull","103809","DET","2019","556,100"
"Ian Hamilton","107918","CHA","2019","556,000"
"Brett Kennedy","106251","SDN","2019","556,000"
"Ryan Burr","105642","CHA","2019","556,000"
"Luis Guillorme","102606","NYN","2019","555,960"
"Jon Edwards","51990","CLE","2019","555,900"
"John Means","71295","BAL","2019","555,500"
"Matt Festa","107792","SEA","2019","555,500"
"Trevor Oaks","104865","KCA","2019","555,350"
"Gerson Bautista","103870","SEA","2019","555,200"
"Justin Williams","102787","SLN","2019","555,100"
"Dustin Peterson","102435","DET","2019","555,100"
"Troy Tulowitzki","46724","NYA","2019","555,000"
"Pablo Sandoval","48901","SFN","2019","555,000"
"Ben Heller","102138","NYA","2019","555,000"
"Elvis Luciano","110215","TOR","2019","555,000"
"Trent Thornton","107018","TOR","2019","555,000"
"Chris Paddack","106610","SDN","2019","555,000"
"Fernando Tatis Jr.","108651","SDN","2019","555,000"
"Kyle Zimmer","100727","KCA","2019","555,000"
"Jake Noll","108300","WAS","2019","555,000"
"Scott Barlow","70429","KCA","2019","555,000"
"Chris Ellis","71383","KCA","2019","555,000"
"Drew Jackson","106191","BAL","2019","555,000"
"Connor Joe","106208","SFN","2019","555,000"
"Richie Martin","106386","BAL","2019","555,000"
"Kyle Bird","103818","TEX","2019","555,000"
"Scott Heineman","107281","TEX","2019","555,000"
"Ryan Cordell","102553","CHA","2019","555,000"
"Michael Kopech","104824","CHA","2019","555,000"
"Reed Garrett","105101","DET","2019","555,000"
"Gregory Soto","102921","DET","2019","555,000"
"Sandy Alcantara","104002","MIA","2019","555,000"
"Austin Brice","66940","MIA","2019","555,000"
"Garrett Cooper","103340","MIA","2019","555,000"
"Pablo Lopez","102491","MIA","2019","555,000"
"Chad Wallach","68982","MIA","2019","555,000"
"Ryne Harper","70044","MIN","2019","555,000"
"Pete Alonso","101603","NYN","2019","555,000"
"Frank Schwindel","103500","KCA","2019","555,000"
"Riley Ferrell","105962","MIA","2019","555,000"
"Kyle Dowdy","107277","TEX","2019","555,000"
"Nick Anderson","107196","MIA","2019","555,000"
"Travis Bergen","105578","SFN","2019","555,000"
"Julian Fernandez","103251","MIA","2019","555,000"
"Jordan Hicks","107962","SLN","2019","555,000"
"Tim Peterson","101408","NYN","2019","555,000"
"Eric Stamets","100321","CLE","2019","555,000"
"Caleb Frare","100605","CHA","2019","555,000"
"Tyler Kinley","102634","MIA","2019","555,000"
"Dian Toscano","105429","LAN","2019","200,000"
"Sammy Solis","65913","WAS","2019","137,096"
"Ichiro Suzuki","1184","SEA","2019","8,064"
"Chase Utley","16632","LAN","2019","0"
"Homer Bailey","45612","KCA","2019",""
"Josh Fields","59166","MIL","2019",""
"Sam Freeman","57860","ANA","2019",""
"Zach McAllister","50118","LAN","2019",""
"Byung-ho Park","107188","MIN","2019",""
"Yordano Ventura","66326","KCA","2019",""
"Ryan Sherriff","68960","TBA","2019",""
"Sherman Johnson","100195","ANA","2019",""
"Pete Kozma","57426","DET","2019",""
"Kevin Quackenbush","69154","LAN","2019",""
"Ryan Merritt","70558","TBA","2019",""
"Jett Bandy","69158","TEX","2019",""
"Williams Perez","66155","STL","2019",""
"Preston Guilmet","59997","MIN","2019",""
"James Bourque","103868","WAS","2019",""
"Mike Hauschild","101435","SLN","2019",""
"Chase Johnson","68597","SFN","2019",""
"Johnny Field","100295","CHN","2019",""
"Jerry Vasto","105232","CHN","2019",""
"Artie Lewicki","103771","ARI","2019",""
"Yennsy Diaz","105866","TOR","2019",""
"Patrick Murphy","103906","TOR","2019",""
"Hector Perez","106654","TOR","2019",""
"Jacob Waguespack","107097","TOR","2019",""
"Derian Gonzalez","103034","SLN","2019",""
"Henderson Alvarez III","55886","WAS","2019",""
"Engelb Vielma","101121","BAL","2019",""
"Orlando Calixte","67344","SEA","2019",""
"Gabriel Guerrero","69465","MIA","2019",""
"Mark Leiter Jr.","103426","TOR","2019",""
"Chris Beck","99939","SLN","2019",""
"Pedro Florimon","49622","ATL","2019",""
"Trayce Thompson","60737","CLE","2019",""
"Zach Vincej","100187","BAL","2019",""
"Tuffy Gosewisch","49364","MIL","2019",""
"Andres Blanco","32835","ATL","2019",""
"Anthony Gose","57905","CLE","2019",""
"Aristides Aquino","69634","CIN","2019",""
"Brett Graves","70984","MIA","2019",""
"Jordan Patterson","102708","CIN","2019",""
"Tanner Rainey","106709","WAS","2019",""
"Eduardo Paredes","100742","DET","2019",""
"Matt Bush","47181","TEX","2019",""
"Zac Curtis","104974","TEX","2019",""
"Tim Dillard","47352","TEX","2019",""
"Rex Brothers","59607","NYA","2019",""
"Zach Putnam","58563","BOS","2019",""
"Zach Lee","68440","NYN","2019",""
"Daniel Coulombe","99616","NYA","2019",""
"Gregor Blanco","31340","NYN","2019",""
"Ryan Bollinger","59602","SDN","2019",""
"Dietrich Enns","100294","SDN","2019",""
"Matt McBride","49752","PHI","2019",""
"Shane Robinson","51936","PHI","2019",""
"James Shields","42750","CHA","2019",""
"Donn Roach","65987","CHA","2019",""
"Daniel Corcino","60753","LAN","2019",""
"Shane Peterson","58267","LAN","2019",""
"Ryan Meisinger","106456","SLN","2019",""
"Rymer Liriano","59915","NYN","2019",""
"Cameron Perkins","100025","LAN","2019",""
"Billy Burns","70296","NYA","2019",""
"Gregory Infante","51654","BAL","2019",""
"Carlos Perez","59074","BAL","2019",""
"Brandon Snyder","48762","WAS","2019",""
"Rob Wooten","58193","CIN","2019",""
"Luis Avilan","50866","NYN","2019",""
"Bryce Brentz","65858","BOS","2019",""
"Dario Alvarez","55880","MIN","2019",""
"Daniel Schlereth","58643","BOS","2019",""
"Tyler Matzek","66214","ARI","2019",""
"Keyvius Sampson","60665","SFN","2019",""
"Felix Jorge","69494","CIN","2019",""
"Taylor Featherston","70443","KCA","2019",""
"Edward Paredes","50043","PHI","2019",""
"Luis Santos","70676","TBA","2019",""
"Jonathan Aro","70253","ATL","2019",""
"Hector Sanchez","56734","DET","2019",""
"Travis Snider","50073","ARI","2019",""
"Tyler Goeddel","70767","WAS","2019",""
"Alberto Rosario","52499","ARI","2019",""
"Boog Powell","100641","SDN","2019",""
"Miguel Almonte","69448","ANA","2019",""
"Parker Bridwell","66941","OAK","2019",""
"Luis Sardinas","68088","WAS","2019",""
"Jared Miller","104851","ARI","2019",""
"Emilio Bonifacio","45744","TBA","2019",""
"Jenrry Mejia","56089","BOS","2019",""
"Ezequiel Carrera","45794","LAN","2019",""
"Vicente Campos","66069","PIT","2019",""
"Brandon Maurer","58933","PIT","2019",""
"Max Povse","71204","SEA","2019",""
"Ian Clarkin","101610","CHN","2019",""
"Gavin Cecchini","70608","NYN","2019",""
"Wilin Rosario","50900","MIN","2019",""
"Dan Runzler","56717","BOS","2019",""
"J.J. Hoover","57985","WAS","2019",""
"Arismendy Alcantara","66268","NYN","2019",""
"Ben Rowen","67863","ATL","2019",""
"Danny Barnes","66928","TOR","2019",""
"Ricardo Rodriguez","69407","TEX","2019",""
"Jordan Milbrath","102676","MIA","2019",""
"Ty Kelly","60927","ANA","2019",""
"Phillip Evans","70393","CHN","2019",""
"Carlos Ramirez","66369","CHN","2019",""
"Tom Koehler","58356","PIT","2019",""
"Matt Davidson","60958","TEX","2019",""
"Jason Coats","70838","TBA","2019",""
"Devin Mesoraco","56104","NYN","2019",""
"Danny Espinosa","58917","NYN","2019",""
"Ricky Nolasco","40375","ARI","2019",""
"Lucas Luetge","58404","ARI","2019",""
"Kyle Crockett","102560","OAK","2019",""
"Dean Kiekhefer","65881","OAK","2019",""
"Kyle Lobstein","60011","OAK","2019",""
"Andres Machado","70416","KCA","2019",""
"Kyle Ryan","67864","CHN","2019",""
"Jack Reinheimer","68943","BAL","2019",""
"Dean Anna","58021","MIN","2019",""
"O'Koyea Dickson","70556","WAS","2019",""
"Collin Cowgill","57755","WAS","2019",""
"Chris Rowley","102406","SDN","2019",""
"Paco Rodriguez","100107","SDN","2019",""
"Chris Smith","101900","DET","2019",""
"Albert Abreu","104651","NYA","2019",""
"Kyle Higashioka","57969","NYA","2019",""
"Jonathan Loaisiga","103038","NYA","2019",""
"Clint Frazier","102429","NYA","2019",""
"Andrew Toles","68700","LAN","2019",""
"Erik Swanson","104921","SEA","2019",""
"Dustin Ackley","61057","SEA","2019",""
"Andrew Faulkner","70442","LAN","2019",""
"Austin Allen","105476","SDN","2019",""
"Allen Craig","51043","SDN","2019",""
"Elieser Hernandez","101105","MIA","2019",""
"Alcides Escobar","47625","CHA","2019",""
"Trevor Plouffe","46607","PHI","2019",""
"Drew Ferguson","105952","HOU","2019",""
"John Andreoli","70572","MIN","2019",""
"Tyler Herb","103791","BAL","2019",""
"Nick Green","103969","NYA","2019",""
"Sam McWilliams","104846","TBA","2019",""
"Jordan Romano","103808","TOR","2019",""
"Andrew Romine","54877","PHI","2019",""
"Rene Rivera","41774","NYN","2019",""
"Brandon Guyer","57379","CHA","2019",""
"Michael Feliz","67169","PIT","2019",""
"Tyler Wade","102779","NYA","2019",""
"Jon Singleton","60676","HOU","2019",""
"Ian Happ","105437","CHN","2019",""
"Luis Valbuena","46752","ANA","2019",""
"Joe Ross","70485","WAS","2019",""
"Steven Okert","68933","SFN","2019",""
"Tom Murphy","70673","SEA","2019",""
"David McKay","108197","SEA","2019",""
"Rayan Gonzalez","99618","COL","2019",""
"Jesus Castillo","100374","ANA","2019",""
"Andrew Susac","70779","KCA","2019",""
"Brandon Finnegan","71272","CIN","2019",""
"Cliff Pennington","48486","NYA","2019",""
"Gio Urshela","60956","NYA","2019",""
"Jorge De La Rosa","31714","COL","2019",""
"Richard Lovelady","108116","KCA","2019",""
"Jesmuel Valentin","100503","BAL","2019",""
"Ben Taylor","106995","ARI","2019",""
"Neftali Feliz","51190","SEA","2019",""
"Danny Santana","59768","TEX","2019",""
"Craig Gentry","50191","COL","2019",""
"Mike Ford","103695","NYA","2019",""
"Tyler Cloyd","58155","SEA","2019",""
"Jeremy Bleich","58074","BOS","2019",""
"Stuart Turner","102771","CIN","2019",""
"Logan Bawcom","67711","LAN","2019",""
"Christian Bergman","66039","SEA","2019",""
"Bryan Reynolds","109040","PIT","2019",""
"Jon Berti","69159","MIA","2019",""
"Stevie Wilkerson","68718","BAL","2019",""
"Sean Rodriguez","45471","PHI","2019",""
"Emilio Vargas","103008","ARI","2019",""
"Cameron Maybin","51988","NYA","2019",""
"Justus Sheffield","104902","SEA","2019",""
"Jon Niese","46468","SEA","2019",""
"Chase De Jong","100260","MIN","2019",""
"Ben Revere","56615","TOR","2019",""
"Nate Lowe","108119","TBA","2019",""
"Harold Castro","69095","DET","2019",""
"Cal Quantrill","108430","SDN","2019",""
"Dillon Tate","106989","BAL","2019",""
"DJ Stewart","105440","BAL","2019",""
"Chance Sisco","102743","BAL","2019",""
"Tanner Scott","104899","BAL","2019",""
"Anthony Santander","101568","BAL","2019",""
"Evan Phillips","106667","BAL","2019",""
"Branden Kline","70356","BAL","2019",""
"Austin Hays","107930","BAL","2019",""
"Hunter Harvey","101993","BAL","2019",""
"Cody Carroll","105683","BAL","2019",""
"Jose Trevino","101621","TEX","2019",""
"Joe Palumbo","103472","TEX","2019",""
"Brett Martin","104839","TEX","2019",""
"Ariel Jurado","103066","TEX","2019",""
"Jonathan Hernandez","103055","TEX","2019",""
"Taylor Hearn","106125","TEX","2019",""
"Willie Calhoun","105665","TEX","2019",""
"Brock Burke","104739","TEX","2019",""
"Austin Pruitt","103484","TBA","2019",""
"Emilio Pagan","102705","TBA","2019",""
"Joe McCarthy","106423","TBA","2019",""
"Brent Honeywell Jr.","103893","TBA","2019",""
"Evan Marshall","69552","CHA","2019",""
"Seth Maness","68920","KCA","2019",""
"Francisco Pena","57096","SFN","2019",""
"Cody Asche","69512","BOS","2019",""
"Josh VanMeter","102777","CIN","2019",""
"Adam Rosales","49545","CLE","2019",""
"Justin Nicolino","68637","CHA","2019",""
"Austin Adams","100392","SEA","2019",""
"Ryan Weber","60047","BOS","2019",""
"Alen Hanson","67472","TOR","2019",""
"Patrick Kivlehan","101262","TOR","2019",""
"Paulo Orlando","52285","LAN","2019",""
"Harold Ramirez","101514","MIA","2019",""
"Tim Adleman","65945","DET","2019",""
"Preston Tucker","70886","CHA","2019",""
"Cole Irvin","108934","PHI","2019",""
"Michael Chavis","104745","BOS","2019",""
"Darwinzon Hernandez","104168","BOS","2019",""
"Travis Lakins","107232","BOS","2019",""
"Tzu-Wei Lin","101601","BOS","2019",""
"Bobby Poyner","106701","BOS","2019",""
"Denyi Reyes","106732","BOS","2019",""
"Josh Taylor","105400","BOS","2019",""
"Marcus Walden","56949","BOS","2019",""
"Austin Gomber","103789","SLN","2019",""
"Ryan Helsley","106129","SLN","2019",""
"Daniel Ponce de Leon","68794","SLN","2019",""
"Edmundo Sosa","102202","SLN","2019",""
"Lane Thomas","104926","SLN","2019",""
"Ramon Urias","69455","SLN","2019",""
"Tyler Webb","71344","SLN","2019",""
"Keston Hiura","110030","MIL","2019",""
"Austin Riley","106744","ATL","2019",""
"Jared Walsh","107102","ATL","2019",""
"Adbert Alzolay","102443","CHN","2019",""
"Taylor Davis","70302","CHN","2019",""
"Dillon Maples","70860","CHN","2019",""
"Alec Mills","100555","CHN","2019",""
"James Norwood","104864","CHC","2019",""
"Justin Steele","104914","CHN","2019",""
"Duane Underwood Jr.","100576","CHN","2019",""
"Rowan Wick","68717","CHN","2019",""
"Luis Alexander Basabe","103262","CHA","2019",""
"Aaron Bummer","71057","CHA","2019",""
"Dylan Cease","105703","CHA","2019",""
"Carson Fulmer","70611","CHA","2019",""
"Kodi Medeiros","104847","CHA","2019",""
"Micker Adolfo","104235","CHA","2019",""
"Jose Ruiz","100408","CHA","2019",""
"Seby Zavala","107161","CHA","2019",""
"Dan Altavilla","104719","SEA","2019",""
"Braden Bishop","105591","SEA","2019",""
"J.P. Crawford","102559","SEA","2019",""
"Shed Long","103432","SEA","2019",""
"Ricardo Sanchez","103722","SEA","2019",""
"Melvin Adon","105456","SFN","2019",""
"Shaun Anderson","109159","SFN","2019",""
"Abiatal Avelino","101289","SFN","2019",""
"Tyler Beede","70759","SFN","2019",""
"Sam Coonrod","104750","SFN","2019",""
"Aramis Garcia","70926","SFN","2019",""
"Chris Shaw","106898","SFN","2019",""
"Austin Slater","71245","SFN","2019",""
"Andrew Suarez","70827","SFN","2019",""
"Logan Webb","105007","SFN","2019",""
"Anderson Espinoza","105921","SDN","2019",""
"Ty France","105993","SDN","2019",""
"Javier Guerra","103260","SDN","2019",""
"Edward Olivares","105339","SDN","2019",""
"Gerardo Reyes","103738","SDN","2019",""
"Luis Torrens","102110","SDN","2019",""
"Kyle Garlick","106026","LAN","2019",""
"Brendan Rodgers","106765","COL","2019",""
"Geoff Hartlieb","107925","ANA","2019",""
"Cameron Rupp","65906","OAK","2019",""
"Nick Margevicius","110247","SDN","2019",""
"Matt Bowman","100544","CIN","2019",""
"Cody Reed","102719","CIN","2019",""
"Sal Romano","70957","CIN","2019",""
"Lucas Sims","70636","CIN","2019",""
"Jose Siri","102876","CIN","2019",""
"Bobby Bradley","103745","CLE","2019",""
"Yu Chang","103985","CLE","2019",""
"Eric Haase","70516","CLE","2019",""
"Sam Hentges","104799","CLE","2019",""
"Jean Carlos Mejia","104211","CLE","2019",""
"Oscar Mercado","102433","CLE","2019",""
"Adam Plutko","68656","CLE","2019",""
"Jefry Rodriguez","100909","CLE","2019",""
"Nick Wittgren","100591","CLE","2019",""
"Yency Almonte","100720","COL","2019",""
"Ryan Castellani","101608","COL","2019",""
"Yonathan Daza","69440","COL","2019",""
"Carlos Estevez","70188","COL","2019",""
"Josh Fuentes","105256","COL","2019",""
"Sam Hilliard","106165","COL","2019",""
"Jeff Hoffman","105425","COL","2019",""
"Justin Lawrence","106294","COL","2019",""
"James Pazos","99999","COL","2019",""
"Jesus Tinoco","101190","COL","2019",""
"JT Brubaker","105635","PIT","2019",""
"Clay Holmes","70822","PIT","2019",""
"Mitch Keller","104816","PIT","2019",""
"Kevin Kramer","70970","PIT","2019",""
"Jason Martin","102657","PIT","2019",""
"Cole Tucker","104934","PIT","2019",""
"Victor Arano","103580","PHI","2019",""
"Austin Davis","104760","PHI","2019",""
"Enyel De Los Santos","105831","PHI","2019",""
"Arquimedes Gamboa","106007","PHI","2019",""
"Edgar Garcia","105304","PHI","2019",""
"Adonis Medina","105321","PHI","2019",""
"Ranger Suarez","101582","PHI","2019",""
"Luis Barrera","102970","OAK","2019",""
"Skye Bolt","105603","OAK","2019",""
"Grant Holmes","104805","OAK","2019",""
"Dustin Fowler","102586","OAK","2019",""
"James Kaprielian","107171","OAK","2019",""
"Jorge Mateo","101165","OAK","2019",""
"Daniel Mengden","105384","OAK","2019",""
"Sergio Alcantara","103221","DET","2019",""
"Jeimer Candelario","69338","DET","2019",""
"Matt Hall","106105","DET","2019",""
"Franklin Perez","106651","DET","2019",""
"Dawel Lugo","100271","DET","2019",""
"Victor Reyes","101093","DET","2019",""
"Francis Martes","103071","HOU","2019",""
"Bryan Abreu","104258","HOU","2019",""
"Rogelio Armenteros","105517","HOU","2019",""
"Dean Deetz","104976","HOU","2019",""
"Cionel Perez","109130","HOU","2019",""
"Myles Straw","106969","HOU","2019",""
"Garrett Stubbs","106973","HOU","2019",""
"Kyle Tucker","107047","HOU","2019",""
"Eric Skoglund","70881","KCA","2019",""
"Scott Blewett","104730","KCA","2019",""
"Heath Fillmyer","103886","KCA","2019",""
"Kelvin Gutierrez","103215","KCA","2019",""
"Nicky Lopez","108112","KCA","2019",""
"Jake Newberry","101452","KCA","2019",""
"Brett Phillips","100628","KCA","2019",""
"Glenn Sparkman","102750","KCA","2019",""
"Josh Staumont","106956","KCA","2019",""
"Meibrys Viloria","104290","KCA","2019",""
"Jaime Barria","103054","ANA","2019",""
"Griffin Canning","111294","ANA","2019",""
"Luis Madero","104137","ANA","2019",""
"Dillon Peters","70921","ANA","2019",""
"Jose Suarez","106975","ANA","2019",""
"Taylor Ward","107106","ANA","2019",""
"Yadier Alvarez","107180","LAN","2019",""
"Matt Beaty","71328","LAN","2019",""
"Edwin Rios","106745","LAN","2019",""
"Keibert Ruiz","106820","LAN","2019",""
"Dennis Santana","103196","LAN","2019",""
"Josh Sborz","106871","LAN","2019",""
"Jeff Brigham","104735","MIA","2019",""
"Austin Dean","100671","MIA","2019",""
"Isan Diaz","104766","MIA","2019",""
"Jorge Guzman","106097","MIA","2019",""
"Monte Harrison","104794","MIA","2019",""
"Jordan Holloway","104804","MIA","2019",""
"Jose Quijada","104324","MIA","2019",""
"Magneuris Sierra","102940","MIA","2019",""
"Jordan Yamamoto","104960","MIA","2019",""
"Tommy Milone","58459","SEA","2019",""
"Adrian Houser","69545","MIL","2019",""
"Jacob Nottingham","102700","MIL","2019",""
"Trey Supak","104920","MIL","2019",""
"Tyrone Taylor","100630","MIL","2019",""
"Luis Arraez","104123","MIN","2019",""
"Nick Gordon","101622","MIN","2019",""
"Zack Littell","102644","MIN","2019",""
"Fernando Romero","101222","MIN","2019",""
"Lewis Thorpe","102223","MIN","2019",""
"Tyler Bashlor","102512","NYN","2019",""
"Franklyn Kilome","103945","NYN","2019",""
"Walker Lockett","100525","NYN","2019",""
"Corey Oswalt","100577","NYN","2019",""
"Jacob Rhame","102722","NYN","2019",""
"Daniel Zamora","107158","NYN","2019",""
"Jairo Diaz","60094","COL","2019",""
"Ervin Santana","31607","CHA","2019",""
"Josh Naylor","106548","SDN","2019",""
"Cavan Biggio","101605","TOR","2019",""
"Tyler Danish","102562","SEA","2019",""
"George Kontos","50087","WAS","2019",""
"J.D. Hammer","107919","PHI","2019",""
"Mike Yastrzemski","99953","SFN","2019",""
"Oliver Drake","57806","TBA","2019",""
"Jack Mayfield","102080","HOU","2019",""
"Randall Delgado","57181","CHA","2019",""
"Sean Burnett","31544","NYN","2019",""
"Zach Plesac","110582","CLE","2019",""
"Devin Smeltzer","109073","MIN","2019",""
"Genesis Cabrera","104481","SLN","2019",""
"Michael Shawaryn","109158","BOS","2019",""
"Eric Stout","105220","CIN","2019",""
"Jaycob Brugman","68830","SEA","2019",""
"Kelby Tomlinson","69580","ARI","2019",""
"Chris Stewart","43258","SDN","2019",""
"Matt Ramsey","70916","ANA","2019",""
"Jose Lopez","106330","CIN","2019",""
"Vidal Nuno","60488","TBA","2019",""
"Adam Haseley","109984","PHI","2019",""
"Jesus Liranzo","100817","PIT","2019",""
"Peter Lambert","106280","COL","2019",""
"Will Smith","108612","LAN","2019",""
"Jimmy Cordero","101176","CHA","2019",""
"Yordan Alvarez","109147","HOU","2019",""
"Merandy Gonzalez","103078","SLN","2019",""
"Tommy Edman","107752","SLN","2019",""
"Colin Poche","108406","TBA","2019",""
"Peter Fairbanks","105933","TEX","2019",""
"D.J. Peterson","68653","CHA","2019",""
"Nicky Delmonico","70802","CHA","2019",""
"Phillip Diehl","107726","COL","2019",""
"John Curtiss","71042","PHI","2019",""
"Darnell Sweeney","100009","PIT","2019",""
"Austin Nola","71054","SEA","2019",""
"Rangel Ravelo","67082","SLN","2019",""
"Ian Krol","60611","MIN","2019",""
"Brett Lawrie","60009","MIL","2019",""
"Zack Collins","107646","CHA","2019",""
"Nick Gardewine","103373","TEX","2019",""
"Carson Smith","70812","BOS","2019",""
"Drew Storen","59345","KCA","2019",""
"Sean Poppen","108416","MIN","2019",""
"Carlos Asuaje","102507","ARI","2019",""
"Chase d'Arnaud","57774","KCA","2019",""
"Drew Hutchison","66556","MIN","2019",""
"Peter O'Brien","68318","MIA","2019",""
"Michael Brosseau","107538","TBA","2019",""
"Taylor Motter","69304","OAK","2019",""
"Chi Chi Gonzalez","68563","COL","2019",""
"Tony Gonsolin","107865","LAN","2019",""
"Austin Bibens-Dirkx","50185","TEX","2019",""
"Gift Ngoepe","59480","PIT","2019",""
"Asher Wojciechowski","67154","BAL","2019",""
"Jose Urquidy","106145","HOU","2019",""
"Jake Smolinski","56792","TBA","2019",""
"Tyler Alexander","105472","DET","2019",""
"Matt Thaiss","108661","ANA","2019",""
"Andrew Velazquez","101281","CLE","2019",""
"Casey Sadler","67865","LAN","2019",""
"Oscar Hernandez","66875","BOS","2019",""
"Robel Garcia","68178","CHN","2019",""
"Carlos Gonzalez","47678","CHN","2019",""
"Carlos Gomez","47621","NYN","2019",""
"Andrew Vasquez","71239","MIN","2019",""
"Jose Fernandez","101178","DET","2019",""
"Casey Coleman","58833","NYN","2019",""
"Louis Coleman","59223","DET","2019",""
"Tommy Layne","55935","SLN","2019",""
"Nick Franklin","59421","ANA","2019",""
"Josh Lucas","66650","BAL","2019",""
"Dan Jennings","58318","NYA","2019",""
"Bubba Starling","70754","KCA","2019",""
"Ivan De Jesus","45862","CHA","2019",""
"Josh Thole","46730","LAN","2019",""
"Andres Munoz","108274","SDN","2019",""
"Andrew Moore","106502","SEA","2019",""
"Anthony Bemboom","100659","TBA","2019",""
"Mac Williamson","71291","SEA","2019",""
"Jarrett Parker","68648","ANA","2019",""
"Ryan Goins","60144","CHA","2019",""
"Alejandro De Aza","45858","MIN","2019",""
"Jandel Gustave","67687","SFN","2019",""
"Francisco Arcia","55912","NYA","2019",""
"Conner Menez","108223","SFN","2019",""
"Michel Baez","109381","SDN","2019",""
"Adrian Morejon","109125","SDN","2019",""
"Cody Stashak","106954","MIN","2019",""
"Rafael Montero","69637","TEX","2019",""
"Jesus Reyes","106734","CIN","2019",""
"Tim Lopes","100490","SEA","2019",""
"Jose Rodriguez","103085","ANA","2019",""
"Parker Markel","66567","PIT","2019",""
"Ryder Jones","101626","SFN","2019",""
"Carlos Tocci","101662","TEX","2019",""
"Hunter Wood","102124","TBA","2019",""
"Christian Arroyo","101604","CLE","2019",""
"Daniel Castro","67314","SEA","2019",""
"Jake Rogers","108507","DET","2019",""
"Kolby Allard","107170","ATL","2019",""
"Derek Fisher","70804","HOU","2019",""
"Brad Wieck","103857","SDN","2019",""
"Lane Adams","60150","PHI","2019",""
"Ray Black","70811","MIL","2019",""
"Mauricio Dubon","103355","MIL","2019",""
"Jacob Faria","70547","MIL","2019",""
"Jesus Sanchez","106844","MIA","2019",""
"Zac Grotz","106081","SEA","2019",""
"Travis Demeritte","102566","DET","2019",""
"Brandon Barnes","49251","CLE","2019",""
"Dustin May","108971","LAN","2019",""
"Andrew Triggs","68702","OAK","2019",""
"Mitch Walding","70800","PHI","2019",""
"Brian Ellington","101403","BOS","2019",""
"Sam Selman","99833","SFN","2019",""
"Luiz Gohara","101988","ATL","2019",""
"Matt Skole","69575","CHA","2019",""
"Tim Collins","57679","CIN","2019",""
"Joseph Krehbiel","70550","ARI","2019",""
"Reggie McClain","108191","SEA","2019",""
"Adam McCreery","70868","ANA","2019",""
"Oscar De La Cruz","103105","CHN","2019",""
"Robert Dugger","108872","MIA","2019",""
"Devin Williams","102785","MIL","2019",""
"Patrick Sandoval","107254","ANA","2019",""
"Hector Santiago","56742","CHA","2019",""
"Yadiel Rivera","67093","MIA","2019",""
"Junior Fernandez","105329","SLN","2019",""
"Hunter Cervenka","59985","SLN","2019",""
"Adam Moore","52441","TEX","2019",""
"Blake Trahan","107040","CIN","2019",""
"John Schreiber","108561","DET","2019",""
"Randy Dobnak","111185","MIN","2019",""
"Edwin Jackson","37412","TOR","2019",""
"Chih-Wei Hu","102320","CLE","2019",""
"Sandy Baez","101187","DET","2019",""
"Jose Lobaton","47910","SEA","2019",""
"David Paulino","70418","TOR","2019",""
"Ryan O'Rourke","67836","NYN","2019",""
"Jose Briceno","67621","ANA","2019",""
"Carlos Torres","49107","MIN","2019",""
"Dylan Cozens","100786","TBA","2019",""
"Burch Smith","68471","MIL","2019",""
"Samir Duenez","102810","KCA","2019",""
"Junichi Tazawa","58984","CHN","2019",""
"Randy Arozarena","109161","SLN","2019",""
"Daniel Camarena","70929","NYA","2019",""
"Dom Nunez","101631","COL","2019",""
"Logan Morrison","51804","PHI","2019",""
"AJ Reed","70972","CHA","2019",""
"Taylor Guilbeau","71157","SEA","2019",""
"Joel Kuhnel","108954","CIN","2019",""
"Paul Sewald","101231","NYN","2019",""
"Brady Lail","100510","NYA","2019",""
"Joseph Mantiply","100110","CIN","2019",""
"Michael Tonkin","58750","MIL","2019",""
"Jake Fraley","107811","SEA","2019",""
"A.J. Puk","109027","OAK","2019",""
"Tim Melville","60016","COL","2019",""
"Nick Solak","108615","TEX","2019",""
"Rajai Davis","34484","NYN","2019",""
"Abraham Toro","109090","HOU","2019",""
"Brady Rodgers","99984","HOU","2019",""
"Jake Buchanan","67724","OAK","2019",""
"Matt Wotherspoon","103928","BAL","2019",""
"Willi Castro","104205","DET","2019",""
"Cory Spangenberg","69578","MIL","2019",""
"Domingo Acevedo","103250","NYA","2019",""
"Wilfredo Tovar","59407","ANA","2019",""
"Seth Brown","105633","OAK","2019",""
"Tyler Rogers","103494","SFN","2019",""
"Sheldon Neuse","108291","OAK","2019",""
"Ryan Lavarnway","58373","CIN","2019",""
"Brusdar Graterol","106074","MIN","2019",""
"Bryan Garcia","108888","DET","2019",""
"David Bednar","107467","SDN","2019",""
"Sean Murphy","108278","OAK","2019",""
"Ruben Tejada","56850","NYN","2019",""
"Deivy Grullon","102118","PHI","2019",""
"Jordan Stephens","106958","CLE","2019",""
"Ronald Bolanos","109475","SDN","2019",""
"Drew Anderson","101448","PHI","2019",""
"Gavin Lux","108127","LAN","2019",""
"Joey Curletta","100672","BOS","2019",""
"Yacksel Rios","70481","PIT","2019",""
"Danny Mendick","106466","CHA","2019",""
"Ryan Carpenter","70297","DET","2019",""
"Troy Stokes","104916","MIL","2019",""
"Aaron Wilkerson","105362","MIL","2019",""
"Tanner Anderson","105494","OAK","2019",""
"Locke St. John","105219","TEX","2019",""
"T.J. Zeuch","109116","TOR","2019",""
"Brian Moran","60884","MIA","2019",""
"Gabe Speier","102751","KCA","2019",""
"Ryan McBroom","103972","KCA","2019",""
"Tom Eshelman","107173","BAL","2019",""
"Jaylin Davis","107692","SFN","2019",""
"Aaron Barrett","65829","WAS","2019",""
"Reymin Guduan","67656","HOU","2019",""
"Noel Cuevas","66525","COL","2019",""
"Anthony Kay","109127","TOR","2019",""
"Tres Barrera","107452","WAS","2019",""
"Ross Detwiler","57701","CHA","2019",""
"Matt Carasiti","99949","SEA","2019",""
"Jesus Luzardo","109135","OAK","2019",""
"Nico Hoerner","123806","CHN","2019",""
"Justin Dunn","107737","SEA","2019",""
"Kyle Lewis","108097","MIN","2019",""
"Donnie Walton","109101","SEA","2019",""
"Art Warren","107264","SEA","2019",""
"Ryan Court","69839","SEA","2019",""
"Chris Herrmann","60002","OAK","2019",""
"James Karinchak","110111","CLE","2019",""
"Adonis Rosa","104375","NYA","2019",""
"Jorge Alcala","105466","MIN","2019",""
"Jaime Schultz","102136","LAN","2019",""
"Enderson Franco","66703","SFN","2019",""
"Marcos Diplan","104507","MIL","2019",""
"Ty Blach","101991","BAL","2019",""
"Mike King","108053","NYA","2019",""
"Breyvic Valera","66907","TOR","2019",""
"Chandler Shepherd","71189","BAL","2019",""
"Cole Sulser","102757","TBA","2019",""
"Dioner Navarro","40216","CLE","2019",""
"Tyler Heineman","101250","MIA","2019",""
"Josh Smith","70982","CLE","2019",""
"Bryan Holaday","67016","MIA","2019",""
"Steven Wright","56987","BOS","2019",""
"Josh Smith","67875","BOS","2019",""
"Gorkys Hernandez","51885","BOS","2019",""
"Zac Reininger","103556","DET","2019",""
"Nick Ramirez","68319","DET","2019",""
"Eduardo Jimenez","100686","DET","2019",""
"Steven Baron","59593","PIT","2019",""
"Corban Joseph","58329","OAK","2019",""
"Mike Olt","67070","MIN","2019",""
"Michael Saunders","48766","COL","2019",""
"LaMonte Wade Jr","107095","MIN","2019",""
"Carter Kieboom","108051","WAS","2019",""
"Cesar Puello","58559","MIA","2019",""
"Wilkin Castillo","47260","MIA","2019",""
"Isaac Galloway","57873","MIA","2019",""
"Deven Marrero","70360","MIA","2019",""
"Michael Blazek","55592","WAS","2019",""
"Ryan Feierabend","46009","TOR","2019",""
"Aaron Slegers","102744","TBA","2019",""
"David Hale","59653","NYA","2019",""
"Miguel Del Pozo","69354","ANA","2019",""
"Kaleb Cowart","66963","ANA","2019",""
"Rafael Lopez","69886","ATL","2019",""
"Jim Adduci","46943","CHN","2019",""
"Juan Graterol","51220","CIN","2019",""
"Pat Venditte","58768","SFN","2019",""
"Bryan Mitchell","66570","SDN","2019",""
"Rookie Davis","70869","PIT","2019",""
"Ryan Garton","101438","SEA","2019",""
"Connor Sadzeck","68671","SEA","2019",""
"Ryan LaMarre","65938","ATL","2019",""
"Ian Miller","102680","MIN","2019",""
"Charlie Tilson","70493","CHA","2019",""
"Juan Minaya","60317","CHA","2019",""
"Rob Brantly","65953","PHI","2019",""
"Fernando Salas","48858","PHI","2019",""
"Erasmo Ramirez","59012","BOS","2019",""
"Sean Gilmartin","65965","BAL","2019",""
"Austin Adams","59978","DET","2019",""
"Brooks Pounders","60652","NYN","2019",""
"Johnny Davis","103346","TBA","2019",""
"Sam Howard","71331","COL","2019",""
"Pat Valaika","102775","COL","2019",""
"Tayler Scott","70486","BAL","2019",""
"Josh Rogers","106791","BAL","2019",""
"Luis Ortiz","105424","BAL","2019",""
"Ryan Eades","68541","MIN","2019",""
"Mason Williams","67152","BAL","2019",""
"Jose Pirela","57268","PHI","2019",""
"Joe Hudson","101989","SLN","2019",""
"Phillips Valdez","66267","TEX","2019",""
"Donnie Hart","103391","MIL","2019",""
"Juan Centeno","55701","BOS","2019",""
"Tim Federowicz","58217","TEX","2019",""
"Tyler Lyons","68438","PIT","2019",""
"Jake Barrett","99823","NYA","2019",""
"Buddy Boshers","58082","TOR","2019",""
"Tomas Telis","59818","MIN","2019",""
"Seth Mejias-Brean","101260","SDN","2019",""
"Zach Green","100262","SFN","2019",""
"Cristhian Adames","59755","SFN","2019",""
"Kean Wong","102790","TBA","2019",""
"Jerad Eickhoff","68855","PHI","2019",""
"Mike Morin","99992","MIN","2019",""
"Cody Anderson","68741","CLE","2019",""
"Christian Colon","65863","CIN","2019",""
"Jackson Stephens","101446","CIN","2019",""
"Keury Mella","100946","CIN","2019",""
"Allen Webster","58787","CHN","2019",""
"Colin Rea","69856","CHN","2019",""
"Austin Maddox","99962","BOS","2019",""
"James Marvel","108173","PIT","2019",""
"Yefry Ramirez","69639","PIT","2019",""
"Alex McRae","104845","PIT","2019",""
"Wei-Chung Wang","102199","OAK","2019",""
"Odrisamer Despaigne","103737","CHA","2019",""
"Kris Negron","50131","LAN","2019",""
"Ricardo Pinto","100472","TBA","2019",""
"Mike Gerber","68872","SFN","2019",""
"Robby Scott","70376","ARI","2019",""
"Abraham Almonte","50910","KCA","2019",""
"Alex Young","107169","ARI","2019",""
"Eric Yardley","102794","SDN","2019",""
"Matt Reynolds","100318","WAS","2019",""
"Adrian Sampson","70885","TEX","2019",""
"Triston McKenzie","107172","CLE","2019",""
"Zack Granite","103380","TEX","2019",""
"Drew Gagnon","70303","NYN","2019",""
"Luis Rengifo","104450","ANA","2019",""
"Justin Shafer","103786","TOR","2019",""
"Nestor Cortes Jr.","102555","NYA","2019",""
"Dario Agrazal","103111","PIT","2019",""
"A.J. Cole","68086","CLE","2019",""
"Williams Jerez","70455","PIT","2019",""
"Luis Escobar","104406","PIT","2019",""
"Montana DuRapau","105088","PIT","2019",""
"Jose Marmolejos","69255","WAS","2019",""
"Rocky Gale","65828","TBA","2019",""
"Dustin Garneau","60238","ANA","2019",""
"Rob Refsnyder","100317","CIN","2019",""
"Taylor Guerrieri","70761","TEX","2019",""
"CD Pelham","106634","TEX","2019",""
"Brian O'Grady","105026","CIN","2019",""
"Luis Urias","104096","SDN","2019",""
"Trent Grisham","105735","MIL","2019",""
"Deolis Guerra","51574","MIL","2019",""
"Jay Jackson","58309","MIL","2019",""
"Donovan Solano","48772","SFN","2019",""
"Alex Dickerson","65961","SFN","2019",""
"Rico Garcia","107838","COL","2019",""
"Pedro Avila","105525","SDN","2019",""
"Jose Mujica","102112","TBA","2019",""
"Thyago Vieira","69038","CHA","2019",""
"Trevor Kelley","106243","BOS","2019",""
"Nick Goody","100191","CLE","2019",""
"Ian Gibaut","106036","TEX","2019",""
"Danny Hultzen","70752","CHN","2019",""
"Addison Russell","70633","CHN","2019",""
"Anthony Bass","58823","SEA","2019",""
"Jason Adam","68490","TOR","2019",""
"Derek Law","70359","TOR","2019",""
"Matt Wisler","70497","SDN","2019",""
"Ronald Torreyes","66883","MIN","2019",""
"Caleb Joseph","58842","ARI","2019",""
"Nick Dini","105869","KCA","2019",""
"Arnaldo Hernandez","103943","KCA","2019",""
"Conner Greene","102603","KCA","2019",""
"James Hoyt","101658","CLE","2019",""
"Josh Osich","68643","CHA","2019",""
"Chasen Shreve","67118","SLN","2019",""
"Justin Grimm","68390","CIN","2019",""
"Beau Taylor","69938","OAK","2019",""
"Dan Winkler","68990","ATL","2019",""
"Chris Flexen","101249","NYN","2019",""
"Bobby Wilson","49220","DET","2019",""
"Jorge Bonifacio","67347","KCA","2019",""
"R.J. Alaniz","68071","SEA","2019",""
"Dilson Herrera","69012","NYN","2019",""
"Gabriel Ynoa","67451","BAL","2019",""
"Patrick Wisdom","100661","TEX","2019",""
"Brendan McKay","110305","TBA","2019",""
"Ronny Rodriguez","68994","DET","2019",""
"Hoby Milner","70361","TBA","2019",""
"Rafael Ortega","59705","ATL","2019",""
"Hector Noesi","52416","MIA","2019",""
"Drew Butera","47155","COL","2019",""
"Phil Gosselin","67762","PHI","2019",""
"Pedro Payano","101200","TEX","2019",""
"Nick Ciuffo","101609","TBA","2019",""
"Wei-Chieh Huang","105433","TEX","2019",""
"Matt Szczur","65918","ARI","2019",""
"Emmanuel Clase","105737","TEX","2019",""
"Erick Mejia","101725","KCA","2019",""
"Humberto Arteaga","69329","KCA","2019",""
"Braden Shipley","102437","ARI","2019",""
"Joe Harvey","103953","COL","2019",""
"Jace Peterson","69854","BAL","2019",""
"Jimmy Herget","106140","CIN","2019",""
"Adolis Garcia","109860","SLN","2019",""
"Stephen Nogosek","108296","NYN","2019",""
"Gio Gonzalez","45529","MIL","2019",""
"Cheslor Cuthbert","68089","KCA","2019",""
"Nick Senzel","108571","CIN","2019",""
"Chris Mazza","71000","NYN","2019",""
"David Carpenter","50224","TEX","2019",""
"Eric Sogard","57552","TOR","2019",""
"Tyler Clippard","45514","CLE","2019",""
"Brandon Dixon","102572","DET","2019",""
"Ben Lively","68781","KCA","2019",""
"Mike Freeman","65816","CLE","2019",""
"Pierce Johnson","99839","SDN","2019",""
"Chance Adams","105455","NYA","2019",""
"Tyler Saladino","66662","MIL","2019",""
"Stephen Vogt","56945","SFN","2019",""
"Tim Locastro","102646","ARI","2019",""
"Taylor Clarke","105736","ARI","2019",""
"Kevin Cron","70781","ARI","2019",""
"Jon Duplantier","107738","ARI","2019",""
"Zac Gallen","108886","MIA","2019",""
"Kevin Ginkel","108893","ARI","2019",""
"Domingo Leyba","103230","ARI","2019",""
"Corbin Martin","110259","HOU","2019",""
"Joel Payamps","69756","ARI","2019",""
"Josh Rojas","110699","ARI","2019",""
"Jimmie Sherfy","102739","ARI","2019",""
"Bo Takahashi","104094","ARI","2019",""
"Adam Duvall","67744","ATL","2019",""
"Grant Dayton","67738","ATL","2019",""
"Mike Soroka","106940","ATL","2019",""
"Alex Jackson","104814","ATL","2019",""
"Touki Toussaint","104930","ATL","2019",""
"Jeremy Walker","108744","ATL","2019",""
"Jacob Webb","104945","ATL","2019",""
"Patrick Weigel","107113","ATL","2019",""
"Huascar Ynoa","107151","ATL","2019",""
"Adeiny Hechavarria","66810","NYN","2019",""
"Jerry Blevins","47078","ATL","2019",""
"JT Chargois","100288","LAN","2019",""
"Jake Jewell","104985","ANA","2019",""
"Kyle Keller","106241","MIA","2019",""
"Kohl Stewart","102438","MIN","2019",""
"Fernando Abad","49706","SFN","2019",""
"Sam Haggerty","106102","NYN","2019",""
"Eric Hanhold","106108","NYN","2019",""